<?xml version="1.0" encoding="UTF-8" standalone="no"?>
<postprocessdatafile build="$ProjectRevision: 1.398 $" esatantmsversion="2020" version="4.0">
    <attributechart>
        <name>Attribute Chart 1</name>
        <attributechartdata displaystyle="LINE_STYLE" timestep="0.0"/>
        <commondata timeformat="SECONDS">
            <datasources>
                <acasetmd id="1">
                    <casename>Case_00</casename>
                    <filename>GAGARINSAT_V0_CASE_00.TMD</filename>
                    <lastversion>08 May       2021 11:08:47 [11]</lastversion>
                </acasetmd>
            </datasources>
            <attributes>
                <attribute datasourcetype="TMD" datatype="DOUBLE" displaytype="SCALE_DISPLAY" id="2" name="Temperature" type="ENTITY_ATTRIBUTE" visible="true"/>
                <attribute datasourcetype="TMD" datatype="DOUBLE" displaytype="SCALE_DISPLAY" id="3" name="Value" type="CONDUCTOR_ATTRIBUTE" visible="true"/>
                <attribute datasourcetype="TMD" datatype="DOUBLE" displaytype="SCALE_DISPLAY" id="4" name="Value" type="CONSTANT_ATTRIBUTE" visible="true"/>
                <attribute datasourcetype="TMD" datatype="DOUBLE" displaytype="SCALE_DISPLAY" id="5" name="Average Temperature" type="CONTAINER_ATTRIBUTE" visible="true"/>
            </attributes>
            <referencedelements>
                <submodel id="6" visible="true">
                    <name>GAGARINSAT_V0_CASE_00</name>
                </submodel>
                <geometry id="7" visible="true">
                    <name>IR_TEL_CCD</name>
                </geometry>
                <geometry id="8" visible="true">
                    <name>IR_TEL_LENS</name>
                </geometry>
                <geometry id="9" visible="true">
                    <name>IR_TEL</name>
                </geometry>
                <geometry id="10" visible="true">
                    <name>BODY</name>
                </geometry>
                <geometry id="11" visible="true">
                    <name>MLI</name>
                </geometry>
                <geometry id="12" visible="true">
                    <name>Electronic_Box</name>
                </geometry>
                <geometry id="13" visible="true">
                    <name>Payload_1</name>
                </geometry>
                <geometry id="14" visible="true">
                    <name>Payload_2</name>
                </geometry>
            </referencedelements>
            <chartelements>
                <element id="6"/>
                <element id="7"/>
                <element id="8"/>
                <element id="9"/>
                <element id="10"/>
                <element id="11"/>
                <element id="12"/>
                <element id="13"/>
                <element id="14"/>
            </chartelements>
            <dataseriesmap>
                <dataseries type="VALUE">
                    <parts attribute="5" datasource="1" element="6"/>
                    <dataseriesvalues>
                        <dataseriesvalue domain="0.0" range="23.5838519455451"/>
                        <dataseriesvalue domain="605.9285888671875" range="19.404517912802824"/>
                        <dataseriesvalue domain="1211.857177734375" range="33.29634085648255"/>
                        <dataseriesvalue domain="1817.7857666015625" range="42.960810919182144"/>
                        <dataseriesvalue domain="2423.71435546875" range="47.679239116597316"/>
                        <dataseriesvalue domain="3029.6429443359375" range="49.872991468662704"/>
                        <dataseriesvalue domain="3635.571533203125" range="51.800591472581004"/>
                        <dataseriesvalue domain="4241.5001220703125" range="49.809569371821055"/>
                        <dataseriesvalue domain="4847.4287109375" range="42.00176646911258"/>
                        <dataseriesvalue domain="5453.3572998046875" range="29.583378251181326"/>
                        <dataseriesvalue domain="6059.28564453125" range="23.59736407680822"/>
                    </dataseriesvalues>
                </dataseries>
                <dataseries type="VALUE">
                    <parts attribute="5" datasource="1" element="10"/>
                    <dataseriesvalues>
                        <dataseriesvalue domain="0.0" range="49.33351570944051"/>
                        <dataseriesvalue domain="605.9285888671875" range="46.721373001748944"/>
                        <dataseriesvalue domain="1211.857177734375" range="46.29320098740296"/>
                        <dataseriesvalue domain="1817.7857666015625" range="47.730508597176126"/>
                        <dataseriesvalue domain="2423.71435546875" range="49.30991738957531"/>
                        <dataseriesvalue domain="3029.6429443359375" range="50.4196215620076"/>
                        <dataseriesvalue domain="3635.571533203125" range="51.82302849473157"/>
                        <dataseriesvalue domain="4241.5001220703125" range="53.43523370537788"/>
                        <dataseriesvalue domain="4847.4287109375" range="54.307097153867595"/>
                        <dataseriesvalue domain="5453.3572998046875" range="51.99306735876544"/>
                        <dataseriesvalue domain="6059.28564453125" range="49.35197828186497"/>
                    </dataseriesvalues>
                </dataseries>
                <dataseries type="VALUE">
                    <parts attribute="5" datasource="1" element="12"/>
                    <dataseriesvalues>
                        <dataseriesvalue domain="0.0" range="55.432140626847456"/>
                        <dataseriesvalue domain="605.9285888671875" range="53.23678345763655"/>
                        <dataseriesvalue domain="1211.857177734375" range="52.5026455898044"/>
                        <dataseriesvalue domain="1817.7857666015625" range="52.917318488846476"/>
                        <dataseriesvalue domain="2423.71435546875" range="53.80141117723495"/>
                        <dataseriesvalue domain="3029.6429443359375" range="54.43682882110148"/>
                        <dataseriesvalue domain="3635.571533203125" range="55.24493525027708"/>
                        <dataseriesvalue domain="4241.5001220703125" range="56.66248637189936"/>
                        <dataseriesvalue domain="4847.4287109375" range="58.65518971712402"/>
                        <dataseriesvalue domain="5453.3572998046875" range="57.44097889907918"/>
                        <dataseriesvalue domain="6059.28564453125" range="55.45164676917312"/>
                    </dataseriesvalues>
                </dataseries>
                <dataseries type="VALUE">
                    <parts attribute="5" datasource="1" element="9"/>
                    <dataseriesvalues>
                        <dataseriesvalue domain="0.0" range="40.22717902900674"/>
                        <dataseriesvalue domain="605.9285888671875" range="37.82716037556104"/>
                        <dataseriesvalue domain="1211.857177734375" range="35.79914388535661"/>
                        <dataseriesvalue domain="1817.7857666015625" range="35.47735891879316"/>
                        <dataseriesvalue domain="2423.71435546875" range="36.438066805555394"/>
                        <dataseriesvalue domain="3029.6429443359375" range="39.00493560521979"/>
                        <dataseriesvalue domain="3635.571533203125" range="42.42008733937988"/>
                        <dataseriesvalue domain="4241.5001220703125" range="44.09572833890076"/>
                        <dataseriesvalue domain="4847.4287109375" range="44.65441245996728"/>
                        <dataseriesvalue domain="5453.3572998046875" range="42.71458481436243"/>
                        <dataseriesvalue domain="6059.28564453125" range="40.2429106468247"/>
                    </dataseriesvalues>
                </dataseries>
                <dataseries type="VALUE">
                    <parts attribute="5" datasource="1" element="7"/>
                    <dataseriesvalues>
                        <dataseriesvalue domain="0.0" range="47.8079608714215"/>
                        <dataseriesvalue domain="605.9285888671875" range="47.397467981958904"/>
                        <dataseriesvalue domain="1211.857177734375" range="46.274613016273236"/>
                        <dataseriesvalue domain="1817.7857666015625" range="45.86300940091402"/>
                        <dataseriesvalue domain="2423.71435546875" range="45.90716812774679"/>
                        <dataseriesvalue domain="3029.6429443359375" range="46.02085175976447"/>
                        <dataseriesvalue domain="3635.571533203125" range="46.21559617846896"/>
                        <dataseriesvalue domain="4241.5001220703125" range="46.502639161436676"/>
                        <dataseriesvalue domain="4847.4287109375" range="47.06131579321272"/>
                        <dataseriesvalue domain="5453.3572998046875" range="47.892087914629016"/>
                        <dataseriesvalue domain="6059.28564453125" range="47.8254538378351"/>
                    </dataseriesvalues>
                </dataseries>
                <dataseries type="VALUE">
                    <parts attribute="5" datasource="1" element="8"/>
                    <dataseriesvalues>
                        <dataseriesvalue domain="0.0" range="31.728868277644157"/>
                        <dataseriesvalue domain="605.9285888671875" range="28.9309104103394"/>
                        <dataseriesvalue domain="1211.857177734375" range="26.236263922520795"/>
                        <dataseriesvalue domain="1817.7857666015625" range="23.950126297780177"/>
                        <dataseriesvalue domain="2423.71435546875" range="22.62435965184976"/>
                        <dataseriesvalue domain="3029.6429443359375" range="23.679286608297314"/>
                        <dataseriesvalue domain="3635.571533203125" range="28.776659106666827"/>
                        <dataseriesvalue domain="4241.5001220703125" range="34.34244443214642"/>
                        <dataseriesvalue domain="4847.4287109375" range="36.91833715278535"/>
                        <dataseriesvalue domain="5453.3572998046875" range="34.533432942892624"/>
                        <dataseriesvalue domain="6059.28564453125" range="31.74232177931618"/>
                    </dataseriesvalues>
                </dataseries>
                <dataseries type="VALUE">
                    <parts attribute="5" datasource="1" element="11"/>
                    <dataseriesvalues>
                        <dataseriesvalue domain="0.0" range="4.739918255040175"/>
                        <dataseriesvalue domain="605.9285888671875" range="2.4928506587379107"/>
                        <dataseriesvalue domain="1211.857177734375" range="35.35839404077036"/>
                        <dataseriesvalue domain="1817.7857666015625" range="50.46201422765678"/>
                        <dataseriesvalue domain="2423.71435546875" range="54.3062923940634"/>
                        <dataseriesvalue domain="3029.6429443359375" range="55.08659260306551"/>
                        <dataseriesvalue domain="3635.571533203125" range="56.34899815378799"/>
                        <dataseriesvalue domain="4241.5001220703125" range="43.278200788828585"/>
                        <dataseriesvalue domain="4847.4287109375" range="19.47642267869122"/>
                        <dataseriesvalue domain="5453.3572998046875" range="7.177916915583319"/>
                        <dataseriesvalue domain="6059.28564453125" range="4.753829381657333"/>
                    </dataseriesvalues>
                </dataseries>
                <dataseries type="VALUE">
                    <parts attribute="5" datasource="1" element="13"/>
                    <dataseriesvalues>
                        <dataseriesvalue domain="0.0" range="107.57287263230627"/>
                        <dataseriesvalue domain="605.9285888671875" range="107.54744105490575"/>
                        <dataseriesvalue domain="1211.857177734375" range="107.45251263192277"/>
                        <dataseriesvalue domain="1817.7857666015625" range="107.3549143664979"/>
                        <dataseriesvalue domain="2423.71435546875" range="107.2926162404987"/>
                        <dataseriesvalue domain="3029.6429443359375" range="107.26601648006007"/>
                        <dataseriesvalue domain="3635.571533203125" range="107.272466718516"/>
                        <dataseriesvalue domain="4241.5001220703125" range="107.32767858264019"/>
                        <dataseriesvalue domain="4847.4287109375" range="107.4369068353474"/>
                        <dataseriesvalue domain="5453.3572998046875" range="107.55377940575076"/>
                        <dataseriesvalue domain="6059.28564453125" range="107.60529926554514"/>
                    </dataseriesvalues>
                </dataseries>
                <dataseries type="VALUE">
                    <parts attribute="5" datasource="1" element="14"/>
                    <dataseriesvalues>
                        <dataseriesvalue domain="0.0" range="51.69524244395812"/>
                        <dataseriesvalue domain="605.9285888671875" range="51.69698046056124"/>
                        <dataseriesvalue domain="1211.857177734375" range="51.66461549596561"/>
                        <dataseriesvalue domain="1817.7857666015625" range="51.62675473234411"/>
                        <dataseriesvalue domain="2423.71435546875" range="51.60184500806376"/>
                        <dataseriesvalue domain="3029.6429443359375" range="51.59158551298764"/>
                        <dataseriesvalue domain="3635.571533203125" range="51.59630623933441"/>
                        <dataseriesvalue domain="4241.5001220703125" range="51.62517513923385"/>
                        <dataseriesvalue domain="4847.4287109375" range="51.68151751865163"/>
                        <dataseriesvalue domain="5453.3572998046875" range="51.74480003831108"/>
                        <dataseriesvalue domain="6059.28564453125" range="51.780884148383265"/>
                    </dataseriesvalues>
                </dataseries>
            </dataseriesmap>
        </commondata>
        <dualaxisviewmodel>
            <seriespropertiescollection>
                <seriesproperties>
                    <key>Value : Case_00 : TMD : GAGARINSAT_V0_CASE_00 : Average Temperature : IR_TEL_CCD</key>
                    <label/>
                    <legenddetail>LABEL_AND_DETAILS</legenddetail>
                    <shapetype>1</shapetype>
                    <shapecolor>6</shapecolor>
                    <color>-2502389</color>
                    <strokewidth>2.0</strokewidth>
                    <dasharray/>
                </seriesproperties>
                <seriesproperties>
                    <key>Value : Case_00 : TMD : GAGARINSAT_V0_CASE_00 : Average Temperature : MLI</key>
                    <label/>
                    <legenddetail>LABEL_AND_DETAILS</legenddetail>
                    <shapetype>1</shapetype>
                    <shapecolor>6</shapecolor>
                    <color>-8464117</color>
                    <strokewidth>2.0</strokewidth>
                    <dasharray/>
                </seriesproperties>
                <seriesproperties>
                    <key>Value : Case_00 : TMD : GAGARINSAT_V0_CASE_00 : Average Temperature : IR_TEL</key>
                    <label/>
                    <legenddetail>LABEL_AND_DETAILS</legenddetail>
                    <shapetype>5</shapetype>
                    <shapecolor>6</shapecolor>
                    <color>-2552929</color>
                    <strokewidth>2.0</strokewidth>
                    <dasharray/>
                </seriesproperties>
                <seriesproperties>
                    <key>Value : Case_00 : TMD : GAGARINSAT_V0_CASE_00 : Average Temperature : Payload_2</key>
                    <label/>
                    <legenddetail>LABEL_AND_DETAILS</legenddetail>
                    <shapetype>5</shapetype>
                    <shapecolor>6</shapecolor>
                    <color>-2553028</color>
                    <strokewidth>2.0</strokewidth>
                    <dasharray/>
                </seriesproperties>
                <seriesproperties>
                    <key>Value : Case_00 : TMD : GAGARINSAT_V0_CASE_00 : Average Temperature : Payload_1</key>
                    <label/>
                    <legenddetail>LABEL_AND_DETAILS</legenddetail>
                    <shapetype>4</shapetype>
                    <shapecolor>6</shapecolor>
                    <color>-3407617</color>
                    <strokewidth>2.0</strokewidth>
                    <dasharray/>
                </seriesproperties>
                <seriesproperties>
                    <key>Value : Case_00 : TMD : GAGARINSAT_V0_CASE_00 : Average Temperature : BODY</key>
                    <label/>
                    <legenddetail>LABEL_AND_DETAILS</legenddetail>
                    <shapetype>0</shapetype>
                    <shapecolor>6</shapecolor>
                    <color>-34304</color>
                    <strokewidth>2.0</strokewidth>
                    <dasharray/>
                </seriesproperties>
                <seriesproperties>
                    <key>Value : Case_00 : TMD : GAGARINSAT_V0_CASE_00 : Average Temperature : IR_TEL_LENS</key>
                    <label/>
                    <legenddetail>LABEL_AND_DETAILS</legenddetail>
                    <shapetype>4</shapetype>
                    <shapecolor>6</shapecolor>
                    <color>-11403009</color>
                    <strokewidth>2.0</strokewidth>
                    <dasharray/>
                </seriesproperties>
                <seriesproperties>
                    <key>Value : Case_00 : TMD : GAGARINSAT_V0_CASE_00 : Average Temperature : GAGARINSAT_V0_CASE_00</key>
                    <label/>
                    <legenddetail>LABEL_AND_DETAILS</legenddetail>
                    <shapetype>0</shapetype>
                    <shapecolor>6</shapecolor>
                    <color>-65536</color>
                    <strokewidth>2.0</strokewidth>
                    <dasharray/>
                </seriesproperties>
                <seriesproperties>
                    <key>Value : Case_00 : TMD : GAGARINSAT_V0_CASE_00 : Average Temperature : Electronic_Box</key>
                    <label/>
                    <legenddetail>LABEL_AND_DETAILS</legenddetail>
                    <shapetype>3</shapetype>
                    <shapecolor>6</shapecolor>
                    <color>-16032295</color>
                    <strokewidth>2.0</strokewidth>
                    <dasharray/>
                </seriesproperties>
            </seriespropertiescollection>
            <titletext>Attribute Chart 1</titletext>
            <viewport height="814" width="469"/>
            <zoomselection2d x="0" y="0">
                <domainzoom lower="0.0" upper="0.0"/>
                <rangezoom lower="0.0" upper="0.0"/>
            </zoomselection2d>
            <rangelabel>Data</rangelabel>
            <domainlabel>Time[s]</domainlabel>
            <titlecolor>-16777216</titlecolor>
            <rangecolor>-12566464</rangecolor>
            <domaincolor>-12566464</domaincolor>
            <backgroundpaint>-4144960</backgroundpaint>
            <plotoutlinepaint>-8355712</plotoutlinepaint>
            <drawlines>true</drawlines>
            <showlegend>true</showlegend>
            <drawmarkers>true</drawmarkers>
            <rangetickmarks>true</rangetickmarks>
            <domaintickmarks>true</domaintickmarks>
            <rangeticklabels>true</rangeticklabels>
            <domainticklabels>true</domainticklabels>
            <autoadjustrangerange>true</autoadjustrangerange>
            <autoadjustdomainrange>true</autoadjustdomainrange>
            <autoselectrangetickunit>true</autoselectrangetickunit>
            <autoselectdomaintickunit>true</autoselectdomaintickunit>
            <minrangerange>0.0</minrangerange>
            <maxrangerange>0.0</maxrangerange>
            <mindomainrange>0.0</mindomainrange>
            <maxdomainrange>0.0</maxdomainrange>
            <rangetickunitvalue>0.1</rangetickunitvalue>
            <domaintickunitvalue>0.1</domaintickunitvalue>
            <titlefont>
                <name>Tahoma</name>
                <size>20</size>
                <style>1</style>
            </titlefont>
            <rangefont>
                <name>Tahoma</name>
                <size>10</size>
                <style>0</style>
            </rangefont>
            <domainfont>
                <name>Tahoma</name>
                <size>10</size>
                <style>0</style>
            </domainfont>
            <rangeticklabelfont>
                <name>Tahoma</name>
                <size>10</size>
                <style>0</style>
            </rangeticklabelfont>
            <domainticklabelfont>
                <name>Tahoma</name>
                <size>10</size>
                <style>0</style>
            </domainticklabelfont>
            <plotorientation>PlotOrientation.VERTICAL</plotorientation>
            <plotoutlinestrokewidth>1.0</plotoutlinestrokewidth>
            <secondaryrangelabel>Data 2</secondaryrangelabel>
            <secondaryrangecolor>-12566464</secondaryrangecolor>
            <secondaryrangetickmarks>true</secondaryrangetickmarks>
            <secondaryrangeticklabels>true</secondaryrangeticklabels>
            <autoadjustsecondaryrangerange>true</autoadjustsecondaryrangerange>
            <autoselectsecondaryrangetickunit>true</autoselectsecondaryrangetickunit>
            <minsecondaryrangerange>0.0</minsecondaryrangerange>
            <maxsecondaryrangerange>0.0</maxsecondaryrangerange>
            <secondaryrangetickunitvalue>0.1</secondaryrangetickunitvalue>
            <secondaryrangefont>
                <name>Tahoma</name>
                <size>10</size>
                <style>0</style>
            </secondaryrangefont>
            <secondaryrangeticklabelfont>
                <name>Tahoma</name>
                <size>10</size>
                <style>0</style>
            </secondaryrangeticklabelfont>
            <secondaryattributes/>
        </dualaxisviewmodel>
    </attributechart>
    <attributechart>
        <name>Attribute Chart 2</name>
        <attributechartdata displaystyle="LINE_STYLE" timestep="0.0"/>
        <commondata timeformat="SECONDS">
            <datasources>
                <acasetmd id="1">
                    <casename>Case_00</casename>
                    <filename>GAGARINSAT_V1_CASE_00.TMD</filename>
                    <lastversion>08 May       2021 13:57:44 [11]</lastversion>
                </acasetmd>
            </datasources>
            <attributes>
                <attribute datasourcetype="TMD" datatype="DOUBLE" displaytype="SCALE_DISPLAY" id="2" name="Temperature" type="ENTITY_ATTRIBUTE" visible="true"/>
                <attribute datasourcetype="TMD" datatype="DOUBLE" displaytype="SCALE_DISPLAY" id="3" name="Value" type="CONDUCTOR_ATTRIBUTE" visible="true"/>
                <attribute datasourcetype="TMD" datatype="DOUBLE" displaytype="SCALE_DISPLAY" id="4" name="Value" type="CONSTANT_ATTRIBUTE" visible="true"/>
                <attribute datasourcetype="TMD" datatype="DOUBLE" displaytype="SCALE_DISPLAY" id="5" name="Average Temperature" type="CONTAINER_ATTRIBUTE" visible="true"/>
            </attributes>
            <referencedelements>
                <submodel id="6" visible="true">
                    <name>GAGARINSAT_V1_CASE_00</name>
                </submodel>
                <geometry id="7" visible="true">
                    <name>IR_TEL</name>
                </geometry>
                <geometry id="8" visible="true">
                    <name>IR_TEL_CCD</name>
                </geometry>
                <geometry id="9" visible="true">
                    <name>Electronic_Box</name>
                </geometry>
                <geometry id="10" visible="true">
                    <name>Solar_Panles_xPlus</name>
                </geometry>
                <geometry id="11" visible="true">
                    <name>IR_TEL_LENS</name>
                </geometry>
                <geometry id="12" visible="true">
                    <name>IR_TEL_OBJ</name>
                </geometry>
                <geometry id="13" visible="true">
                    <name>IR_TEL_STR</name>
                </geometry>
                <geometry id="14" visible="true">
                    <name>Body_plate_2</name>
                </geometry>
                <geometry id="15" visible="true">
                    <name>Body_plate_1</name>
                </geometry>
                <geometry id="16" visible="true">
                    <name>MLI</name>
                </geometry>
            </referencedelements>
            <chartelements>
                <element id="6"/>
                <element id="7"/>
                <element id="8"/>
                <element id="9"/>
                <element id="10"/>
                <element id="11"/>
                <element id="12"/>
                <element id="13"/>
                <element id="14"/>
                <element id="15"/>
                <element id="16"/>
            </chartelements>
            <dataseriesmap>
                <dataseries type="VALUE">
                    <parts attribute="5" datasource="1" element="6"/>
                    <dataseriesvalues>
                        <dataseriesvalue domain="0.0" range="20.789315780261195"/>
                        <dataseriesvalue domain="605.9285888671875" range="16.812703409131284"/>
                        <dataseriesvalue domain="1211.857177734375" range="31.207319979168737"/>
                        <dataseriesvalue domain="1817.7857666015625" range="41.243219037772604"/>
                        <dataseriesvalue domain="2423.71435546875" range="46.013456982988345"/>
                        <dataseriesvalue domain="3029.6429443359375" range="48.13702478132514"/>
                        <dataseriesvalue domain="3635.571533203125" range="49.9611618458158"/>
                        <dataseriesvalue domain="4241.5001220703125" range="47.78128403483537"/>
                        <dataseriesvalue domain="4847.4287109375" range="39.74955108759151"/>
                        <dataseriesvalue domain="5453.3572998046875" range="26.867897661056627"/>
                        <dataseriesvalue domain="6059.28564453125" range="20.824484234812875"/>
                    </dataseriesvalues>
                </dataseries>
                <dataseries type="VALUE">
                    <parts attribute="5" datasource="1" element="15"/>
                    <dataseriesvalues>
                        <dataseriesvalue domain="0.0" range="51.39706257905688"/>
                        <dataseriesvalue domain="605.9285888671875" range="50.68717093710778"/>
                        <dataseriesvalue domain="1211.857177734375" range="50.260008980710346"/>
                        <dataseriesvalue domain="1817.7857666015625" range="50.357800709388286"/>
                        <dataseriesvalue domain="2423.71435546875" range="50.50601381621921"/>
                        <dataseriesvalue domain="3029.6429443359375" range="50.61791959242124"/>
                        <dataseriesvalue domain="3635.571533203125" range="50.864407143166105"/>
                        <dataseriesvalue domain="4241.5001220703125" range="51.37754919434817"/>
                        <dataseriesvalue domain="4847.4287109375" range="51.978996258050735"/>
                        <dataseriesvalue domain="5453.3572998046875" range="51.974731247724655"/>
                        <dataseriesvalue domain="6059.28564453125" range="51.455996775772206"/>
                    </dataseriesvalues>
                </dataseries>
                <dataseries type="VALUE">
                    <parts attribute="5" datasource="1" element="14"/>
                    <dataseriesvalues>
                        <dataseriesvalue domain="0.0" range="43.4690983895422"/>
                        <dataseriesvalue domain="605.9285888671875" range="41.13799974658788"/>
                        <dataseriesvalue domain="1211.857177734375" range="39.823915708317934"/>
                        <dataseriesvalue domain="1817.7857666015625" range="40.726212407779386"/>
                        <dataseriesvalue domain="2423.71435546875" range="42.17245527361855"/>
                        <dataseriesvalue domain="3029.6429443359375" range="43.549380436540865"/>
                        <dataseriesvalue domain="3635.571533203125" range="45.2638917673065"/>
                        <dataseriesvalue domain="4241.5001220703125" range="46.87654350971307"/>
                        <dataseriesvalue domain="4847.4287109375" range="47.74598083702315"/>
                        <dataseriesvalue domain="5453.3572998046875" range="46.06552244619933"/>
                        <dataseriesvalue domain="6059.28564453125" range="43.51756071797033"/>
                    </dataseriesvalues>
                </dataseries>
                <dataseries type="VALUE">
                    <parts attribute="5" datasource="1" element="9"/>
                    <dataseriesvalues>
                        <dataseriesvalue domain="0.0" range="51.79159477798493"/>
                        <dataseriesvalue domain="605.9285888671875" range="50.03719919938933"/>
                        <dataseriesvalue domain="1211.857177734375" range="49.921692298269285"/>
                        <dataseriesvalue domain="1817.7857666015625" range="50.762814398860414"/>
                        <dataseriesvalue domain="2423.71435546875" range="51.73012147131174"/>
                        <dataseriesvalue domain="3029.6429443359375" range="52.2236374073316"/>
                        <dataseriesvalue domain="3635.571533203125" range="52.77936645070905"/>
                        <dataseriesvalue domain="4241.5001220703125" range="53.81195327621956"/>
                        <dataseriesvalue domain="4847.4287109375" range="55.302154534306396"/>
                        <dataseriesvalue domain="5453.3572998046875" range="53.74355113689904"/>
                        <dataseriesvalue domain="6059.28564453125" range="51.844283248341185"/>
                    </dataseriesvalues>
                </dataseries>
                <dataseries type="VALUE">
                    <parts attribute="5" datasource="1" element="7"/>
                    <dataseriesvalues>
                        <dataseriesvalue domain="0.0" range="38.917956405197444"/>
                        <dataseriesvalue domain="605.9285888671875" range="36.82503761168973"/>
                        <dataseriesvalue domain="1211.857177734375" range="34.64261991157938"/>
                        <dataseriesvalue domain="1817.7857666015625" range="34.366681926856515"/>
                        <dataseriesvalue domain="2423.71435546875" range="35.445904695821866"/>
                        <dataseriesvalue domain="3029.6429443359375" range="37.75776658787263"/>
                        <dataseriesvalue domain="3635.571533203125" range="40.6030124126083"/>
                        <dataseriesvalue domain="4241.5001220703125" range="42.15885505236738"/>
                        <dataseriesvalue domain="4847.4287109375" range="43.0249631260375"/>
                        <dataseriesvalue domain="5453.3572998046875" range="41.288196751068284"/>
                        <dataseriesvalue domain="6059.28564453125" range="38.963194466423246"/>
                    </dataseriesvalues>
                </dataseries>
                <dataseries type="VALUE">
                    <parts attribute="5" datasource="1" element="8"/>
                    <dataseriesvalues>
                        <dataseriesvalue domain="0.0" range="41.23279591455771"/>
                        <dataseriesvalue domain="605.9285888671875" range="39.27104666657924"/>
                        <dataseriesvalue domain="1211.857177734375" range="36.82048111509473"/>
                        <dataseriesvalue domain="1817.7857666015625" range="36.55112703052455"/>
                        <dataseriesvalue domain="2423.71435546875" range="37.38410900517298"/>
                        <dataseriesvalue domain="3029.6429443359375" range="38.44514049136272"/>
                        <dataseriesvalue domain="3635.571533203125" range="40.33214092828392"/>
                        <dataseriesvalue domain="4241.5001220703125" range="42.23529658066505"/>
                        <dataseriesvalue domain="4847.4287109375" range="43.94561963963013"/>
                        <dataseriesvalue domain="5453.3572998046875" range="43.38706304973826"/>
                        <dataseriesvalue domain="6059.28564453125" range="41.279037706124726"/>
                    </dataseriesvalues>
                </dataseries>
                <dataseries type="VALUE">
                    <parts attribute="5" datasource="1" element="11"/>
                    <dataseriesvalues>
                        <dataseriesvalue domain="0.0" range="34.63428907016093"/>
                        <dataseriesvalue domain="605.9285888671875" range="32.526835726208404"/>
                        <dataseriesvalue domain="1211.857177734375" range="30.390540487834723"/>
                        <dataseriesvalue domain="1817.7857666015625" range="29.724438085862207"/>
                        <dataseriesvalue domain="2423.71435546875" range="30.860640786925185"/>
                        <dataseriesvalue domain="3029.6429443359375" range="35.011180819462076"/>
                        <dataseriesvalue domain="3635.571533203125" range="39.267471009424"/>
                        <dataseriesvalue domain="4241.5001220703125" range="40.28999036386819"/>
                        <dataseriesvalue domain="4847.4287109375" range="40.13946982958399"/>
                        <dataseriesvalue domain="5453.3572998046875" range="37.10036772194509"/>
                        <dataseriesvalue domain="6059.28564453125" range="34.67738040884196"/>
                    </dataseriesvalues>
                </dataseries>
                <dataseries type="VALUE">
                    <parts attribute="5" datasource="1" element="12"/>
                    <dataseriesvalues>
                        <dataseriesvalue domain="0.0" range="34.63379154217554"/>
                        <dataseriesvalue domain="605.9285888671875" range="32.526711459310114"/>
                        <dataseriesvalue domain="1211.857177734375" range="30.39032788647659"/>
                        <dataseriesvalue domain="1817.7857666015625" range="29.725964975684036"/>
                        <dataseriesvalue domain="2423.71435546875" range="30.862939808911257"/>
                        <dataseriesvalue domain="3029.6429443359375" range="35.01664894010832"/>
                        <dataseriesvalue domain="3635.571533203125" range="39.26797670348688"/>
                        <dataseriesvalue domain="4241.5001220703125" range="40.28689349527921"/>
                        <dataseriesvalue domain="4847.4287109375" range="40.13747907354122"/>
                        <dataseriesvalue domain="5453.3572998046875" range="37.09970320437822"/>
                        <dataseriesvalue domain="6059.28564453125" range="34.6768827232798"/>
                    </dataseriesvalues>
                </dataseries>
                <dataseries type="VALUE">
                    <parts attribute="5" datasource="1" element="13"/>
                    <dataseriesvalues>
                        <dataseriesvalue domain="0.0" range="39.18997310094151"/>
                        <dataseriesvalue domain="605.9285888671875" range="37.03662538884969"/>
                        <dataseriesvalue domain="1211.857177734375" range="34.97189601825211"/>
                        <dataseriesvalue domain="1817.7857666015625" range="34.82200320216649"/>
                        <dataseriesvalue domain="2423.71435546875" range="36.00464311170084"/>
                        <dataseriesvalue domain="3029.6429443359375" range="38.32736910938772"/>
                        <dataseriesvalue domain="3635.571533203125" range="41.18148353646563"/>
                        <dataseriesvalue domain="4241.5001220703125" range="42.74254227945693"/>
                        <dataseriesvalue domain="4847.4287109375" range="43.526633157974516"/>
                        <dataseriesvalue domain="5453.3572998046875" range="41.63581461167084"/>
                        <dataseriesvalue domain="6059.28564453125" range="39.235425654327905"/>
                    </dataseriesvalues>
                </dataseries>
                <dataseries type="VALUE">
                    <parts attribute="5" datasource="1" element="16"/>
                    <dataseriesvalues>
                        <dataseriesvalue domain="0.0" range="1.504849594015892"/>
                        <dataseriesvalue domain="605.9285888671875" range="-0.8442296456505815"/>
                        <dataseriesvalue domain="1211.857177734375" range="33.05288864018656"/>
                        <dataseriesvalue domain="1817.7857666015625" range="49.34325741365349"/>
                        <dataseriesvalue domain="2423.71435546875" range="53.48217334379567"/>
                        <dataseriesvalue domain="3029.6429443359375" range="54.36044199495195"/>
                        <dataseriesvalue domain="3635.571533203125" range="55.830879298318905"/>
                        <dataseriesvalue domain="4241.5001220703125" range="42.70413631618773"/>
                        <dataseriesvalue domain="4847.4287109375" range="18.64260476765718"/>
                        <dataseriesvalue domain="5453.3572998046875" range="4.654477469935852"/>
                        <dataseriesvalue domain="6059.28564453125" range="1.541300315801591"/>
                    </dataseriesvalues>
                </dataseries>
                <dataseries type="VALUE">
                    <parts attribute="5" datasource="1" element="10"/>
                    <dataseriesvalues>
                        <dataseriesvalue domain="0.0" range="-5.910445464573974"/>
                        <dataseriesvalue domain="605.9285888671875" range="-15.936159638763497"/>
                        <dataseriesvalue domain="1211.857177734375" range="11.175108539355383"/>
                        <dataseriesvalue domain="1817.7857666015625" range="34.587769834400085"/>
                        <dataseriesvalue domain="2423.71435546875" range="47.67940043443559"/>
                        <dataseriesvalue domain="3029.6429443359375" range="53.47516177593026"/>
                        <dataseriesvalue domain="3635.571533203125" range="56.92560794593874"/>
                        <dataseriesvalue domain="4241.5001220703125" range="58.321745824406015"/>
                        <dataseriesvalue domain="4847.4287109375" range="47.09981304137033"/>
                        <dataseriesvalue domain="5453.3572998046875" range="11.54297349989548"/>
                        <dataseriesvalue domain="6059.28564453125" range="-5.90806759684721"/>
                    </dataseriesvalues>
                </dataseries>
            </dataseriesmap>
        </commondata>
        <dualaxisviewmodel>
            <seriespropertiescollection>
                <seriesproperties>
                    <key>Value : Case_00 : TMD : GAGARINSAT_V1_CASE_00 : Average Temperature : Electronic_Box</key>
                    <label/>
                    <legenddetail>LABEL_AND_DETAILS</legenddetail>
                    <shapetype>3</shapetype>
                    <shapecolor>6</shapecolor>
                    <color>-16006951</color>
                    <strokewidth>2.0</strokewidth>
                    <dasharray/>
                </seriesproperties>
                <seriesproperties>
                    <key>Value : Case_00 : TMD : GAGARINSAT_V1_CASE_00 : Average Temperature : Body_plate_1</key>
                    <label/>
                    <legenddetail>LABEL_AND_DETAILS</legenddetail>
                    <shapetype>3</shapetype>
                    <shapecolor>6</shapecolor>
                    <color>-16032295</color>
                    <strokewidth>2.0</strokewidth>
                    <dasharray/>
                </seriesproperties>
                <seriesproperties>
                    <key>Value : Case_00 : TMD : GAGARINSAT_V1_CASE_00 : Average Temperature : IR_TEL_STR</key>
                    <label/>
                    <legenddetail>LABEL_AND_DETAILS</legenddetail>
                    <shapetype>1</shapetype>
                    <shapecolor>6</shapecolor>
                    <color>-8464117</color>
                    <strokewidth>2.0</strokewidth>
                    <dasharray/>
                </seriesproperties>
                <seriesproperties>
                    <key>Value : Case_00 : TMD : GAGARINSAT_V1_CASE_00 : Average Temperature : Body_plate_2</key>
                    <label/>
                    <legenddetail>LABEL_AND_DETAILS</legenddetail>
                    <shapetype>2</shapetype>
                    <shapecolor>6</shapecolor>
                    <color>-16711773</color>
                    <strokewidth>2.0</strokewidth>
                    <dasharray/>
                </seriesproperties>
                <seriesproperties>
                    <key>Value : Case_00 : TMD : GAGARINSAT_V1_CASE_00 : Average Temperature : IR_TEL</key>
                    <label/>
                    <legenddetail>LABEL_AND_DETAILS</legenddetail>
                    <shapetype>1</shapetype>
                    <shapecolor>6</shapecolor>
                    <color>-2502389</color>
                    <strokewidth>2.0</strokewidth>
                    <dasharray/>
                </seriesproperties>
                <seriesproperties>
                    <key>Value : Case_00 : TMD : GAGARINSAT_V1_CASE_00 : Average Temperature : Solar_Panles_xPlus</key>
                    <label/>
                    <legenddetail>LABEL_AND_DETAILS</legenddetail>
                    <shapetype>4</shapetype>
                    <shapecolor>6</shapecolor>
                    <color>-11403009</color>
                    <strokewidth>2.0</strokewidth>
                    <dasharray/>
                </seriesproperties>
                <seriesproperties>
                    <key>Value : Case_00 : TMD : GAGARINSAT_V1_CASE_00 : Average Temperature : IR_TEL_CCD</key>
                    <label/>
                    <legenddetail>LABEL_AND_DETAILS</legenddetail>
                    <shapetype>2</shapetype>
                    <shapecolor>6</shapecolor>
                    <color>-16711895</color>
                    <strokewidth>2.0</strokewidth>
                    <dasharray/>
                </seriesproperties>
                <seriesproperties>
                    <key>Value : Case_00 : TMD : GAGARINSAT_V1_CASE_00 : Average Temperature : MLI</key>
                    <label/>
                    <legenddetail>LABEL_AND_DETAILS</legenddetail>
                    <shapetype>4</shapetype>
                    <shapecolor>6</shapecolor>
                    <color>-3407617</color>
                    <strokewidth>2.0</strokewidth>
                    <dasharray/>
                </seriesproperties>
                <seriesproperties>
                    <key>Value : Case_00 : TMD : GAGARINSAT_V1_CASE_00 : Average Temperature : IR_TEL_OBJ</key>
                    <label/>
                    <legenddetail>LABEL_AND_DETAILS</legenddetail>
                    <shapetype>0</shapetype>
                    <shapecolor>6</shapecolor>
                    <color>-34304</color>
                    <strokewidth>2.0</strokewidth>
                    <dasharray/>
                </seriesproperties>
                <seriesproperties>
                    <key>Value : Case_00 : TMD : GAGARINSAT_V1_CASE_00 : Average Temperature : GAGARINSAT_V1_CASE_00</key>
                    <label/>
                    <legenddetail>LABEL_AND_DETAILS</legenddetail>
                    <shapetype>0</shapetype>
                    <shapecolor>6</shapecolor>
                    <color>-65536</color>
                    <strokewidth>2.0</strokewidth>
                    <dasharray/>
                </seriesproperties>
                <seriesproperties>
                    <key>Value : Case_00 : TMD : GAGARINSAT_V1_CASE_00 : Average Temperature : IR_TEL_LENS</key>
                    <label/>
                    <legenddetail>LABEL_AND_DETAILS</legenddetail>
                    <shapetype>5</shapetype>
                    <shapecolor>6</shapecolor>
                    <color>-2552929</color>
                    <strokewidth>2.0</strokewidth>
                    <dasharray/>
                </seriesproperties>
            </seriespropertiescollection>
            <titletext>Attribute Chart 2</titletext>
            <viewport height="814" width="595"/>
            <zoomselection2d x="0" y="0">
                <domainzoom lower="0.0" upper="0.0"/>
                <rangezoom lower="0.0" upper="0.0"/>
            </zoomselection2d>
            <rangelabel>Data</rangelabel>
            <domainlabel>Time[s]</domainlabel>
            <titlecolor>-16777216</titlecolor>
            <rangecolor>-12566464</rangecolor>
            <domaincolor>-12566464</domaincolor>
            <backgroundpaint>-4144960</backgroundpaint>
            <plotoutlinepaint>-8355712</plotoutlinepaint>
            <drawlines>true</drawlines>
            <showlegend>true</showlegend>
            <drawmarkers>true</drawmarkers>
            <rangetickmarks>true</rangetickmarks>
            <domaintickmarks>true</domaintickmarks>
            <rangeticklabels>true</rangeticklabels>
            <domainticklabels>true</domainticklabels>
            <autoadjustrangerange>true</autoadjustrangerange>
            <autoadjustdomainrange>true</autoadjustdomainrange>
            <autoselectrangetickunit>true</autoselectrangetickunit>
            <autoselectdomaintickunit>true</autoselectdomaintickunit>
            <minrangerange>0.0</minrangerange>
            <maxrangerange>0.0</maxrangerange>
            <mindomainrange>0.0</mindomainrange>
            <maxdomainrange>0.0</maxdomainrange>
            <rangetickunitvalue>0.1</rangetickunitvalue>
            <domaintickunitvalue>0.1</domaintickunitvalue>
            <titlefont>
                <name>Tahoma</name>
                <size>20</size>
                <style>1</style>
            </titlefont>
            <rangefont>
                <name>Tahoma</name>
                <size>10</size>
                <style>0</style>
            </rangefont>
            <domainfont>
                <name>Tahoma</name>
                <size>10</size>
                <style>0</style>
            </domainfont>
            <rangeticklabelfont>
                <name>Tahoma</name>
                <size>10</size>
                <style>0</style>
            </rangeticklabelfont>
            <domainticklabelfont>
                <name>Tahoma</name>
                <size>10</size>
                <style>0</style>
            </domainticklabelfont>
            <plotorientation>PlotOrientation.VERTICAL</plotorientation>
            <plotoutlinestrokewidth>1.0</plotoutlinestrokewidth>
            <secondaryrangelabel>Data 2</secondaryrangelabel>
            <secondaryrangecolor>-12566464</secondaryrangecolor>
            <secondaryrangetickmarks>true</secondaryrangetickmarks>
            <secondaryrangeticklabels>true</secondaryrangeticklabels>
            <autoadjustsecondaryrangerange>true</autoadjustsecondaryrangerange>
            <autoselectsecondaryrangetickunit>true</autoselectsecondaryrangetickunit>
            <minsecondaryrangerange>0.0</minsecondaryrangerange>
            <maxsecondaryrangerange>0.0</maxsecondaryrangerange>
            <secondaryrangetickunitvalue>0.1</secondaryrangetickunitvalue>
            <secondaryrangefont>
                <name>Tahoma</name>
                <size>10</size>
                <style>0</style>
            </secondaryrangefont>
            <secondaryrangeticklabelfont>
                <name>Tahoma</name>
                <size>10</size>
                <style>0</style>
            </secondaryrangeticklabelfont>
            <secondaryattributes/>
        </dualaxisviewmodel>
    </attributechart>
    <attributechart>
        <name>Attribute Chart 3</name>
        <attributechartdata displaystyle="LINE_STYLE" timestep="0.0"/>
        <commondata timeformat="SECONDS">
            <datasources>
                <acasetmd id="1">
                    <casename>Case_00</casename>
                    <filename>GAGARINSAT_CONFIG1_CASE_.TMD</filename>
                    <lastversion>08 May       2021 18:40:20 [11]</lastversion>
                </acasetmd>
            </datasources>
            <attributes>
                <attribute datasourcetype="TMD" datatype="DOUBLE" displaytype="SCALE_DISPLAY" id="2" name="Value" type="CONDUCTOR_ATTRIBUTE" visible="true"/>
                <attribute datasourcetype="TMD" datatype="DOUBLE" displaytype="SCALE_DISPLAY" id="3" name="Temperature" type="ENTITY_ATTRIBUTE" visible="true"/>
                <attribute datasourcetype="TMD" datatype="DOUBLE" displaytype="SCALE_DISPLAY" id="4" name="Average Temperature" type="CONTAINER_ATTRIBUTE" visible="true"/>
                <attribute datasourcetype="TMD" datatype="DOUBLE" displaytype="SCALE_DISPLAY" id="5" name="Value" type="CONSTANT_ATTRIBUTE" visible="true"/>
            </attributes>
            <referencedelements>
                <submodel id="6" visible="true">
                    <name>GAGARINSAT_CONFIG1_CASE_</name>
                </submodel>
                <geometry id="7" visible="true">
                    <name>IR_TEL_LENS</name>
                </geometry>
                <geometry id="8" visible="true">
                    <name>IR_TEL</name>
                </geometry>
                <geometry id="9" visible="true">
                    <name>IR_TEL_CCD</name>
                </geometry>
            </referencedelements>
            <chartelements>
                <element id="6"/>
                <element id="7"/>
                <element id="8"/>
                <element id="9"/>
            </chartelements>
            <dataseriesmap>
                <dataseries type="VALUE">
                    <parts attribute="4" datasource="1" element="6"/>
                    <dataseriesvalues>
                        <dataseriesvalue domain="0.0" range="17.508624580513096"/>
                        <dataseriesvalue domain="605.9285888671875" range="13.689935140503339"/>
                        <dataseriesvalue domain="1211.857177734375" range="27.198549042747793"/>
                        <dataseriesvalue domain="1817.7857666015625" range="36.20028663930229"/>
                        <dataseriesvalue domain="2423.71435546875" range="41.30090407529214"/>
                        <dataseriesvalue domain="3029.6429443359375" range="43.52888717060923"/>
                        <dataseriesvalue domain="3635.571533203125" range="45.4060640474673"/>
                        <dataseriesvalue domain="4241.5001220703125" range="43.94573431475246"/>
                        <dataseriesvalue domain="4847.4287109375" range="37.64143621309117"/>
                        <dataseriesvalue domain="5453.3572998046875" range="24.195961779883056"/>
                        <dataseriesvalue domain="6059.28564453125" range="18.188890140452404"/>
                    </dataseriesvalues>
                </dataseries>
                <dataseries type="VALUE">
                    <parts attribute="4" datasource="1" element="8"/>
                    <dataseriesvalues>
                        <dataseriesvalue domain="0.0" range="33.964555806874095"/>
                        <dataseriesvalue domain="605.9285888671875" range="32.06503775204676"/>
                        <dataseriesvalue domain="1211.857177734375" range="30.081933503163416"/>
                        <dataseriesvalue domain="1817.7857666015625" range="29.836000319920444"/>
                        <dataseriesvalue domain="2423.71435546875" range="30.789652179053675"/>
                        <dataseriesvalue domain="3029.6429443359375" range="32.95075246940119"/>
                        <dataseriesvalue domain="3635.571533203125" range="35.66844444438374"/>
                        <dataseriesvalue domain="4241.5001220703125" range="37.293110424782476"/>
                        <dataseriesvalue domain="4847.4287109375" range="38.33013194436121"/>
                        <dataseriesvalue domain="5453.3572998046875" range="36.91765239101397"/>
                        <dataseriesvalue domain="6059.28564453125" range="34.83614041342226"/>
                    </dataseriesvalues>
                </dataseries>
                <dataseries type="VALUE">
                    <parts attribute="4" datasource="1" element="9"/>
                    <dataseriesvalues>
                        <dataseriesvalue domain="0.0" range="36.13498742720208"/>
                        <dataseriesvalue domain="605.9285888671875" range="34.36163446033024"/>
                        <dataseriesvalue domain="1211.857177734375" range="32.21741346920532"/>
                        <dataseriesvalue domain="1817.7857666015625" range="32.15151897752887"/>
                        <dataseriesvalue domain="2423.71435546875" range="33.01148508624891"/>
                        <dataseriesvalue domain="3029.6429443359375" range="34.037319895374054"/>
                        <dataseriesvalue domain="3635.571533203125" range="35.78896033732122"/>
                        <dataseriesvalue domain="4241.5001220703125" range="37.54831591605047"/>
                        <dataseriesvalue domain="4847.4287109375" range="39.22500260896059"/>
                        <dataseriesvalue domain="5453.3572998046875" range="38.86924495915366"/>
                        <dataseriesvalue domain="6059.28564453125" range="37.02528598003368"/>
                    </dataseriesvalues>
                </dataseries>
                <dataseries type="VALUE">
                    <parts attribute="4" datasource="1" element="7"/>
                    <dataseriesvalues>
                        <dataseriesvalue domain="0.0" range="30.233467601879273"/>
                        <dataseriesvalue domain="605.9285888671875" range="28.303802721233545"/>
                        <dataseriesvalue domain="1211.857177734375" range="26.32922095034334"/>
                        <dataseriesvalue domain="1817.7857666015625" range="25.619873654381937"/>
                        <dataseriesvalue domain="2423.71435546875" range="26.45751140557183"/>
                        <dataseriesvalue domain="3029.6429443359375" range="30.24107956711143"/>
                        <dataseriesvalue domain="3635.571533203125" range="34.29854382925235"/>
                        <dataseriesvalue domain="4241.5001220703125" range="35.62358066696835"/>
                        <dataseriesvalue domain="4847.4287109375" range="35.86822116577282"/>
                        <dataseriesvalue domain="5453.3572998046875" range="33.27557049533841"/>
                        <dataseriesvalue domain="6059.28564453125" range="31.06735120087596"/>
                    </dataseriesvalues>
                </dataseries>
            </dataseriesmap>
        </commondata>
        <dualaxisviewmodel>
            <seriespropertiescollection>
                <seriesproperties>
                    <key>Value : Case_00 : TMD : GAGARINSAT_CONFIG1_CASE_ : Average Temperature : IR_TEL</key>
                    <label/>
                    <legenddetail>LABEL_AND_DETAILS</legenddetail>
                    <shapetype>2</shapetype>
                    <shapecolor>6</shapecolor>
                    <color>-16711895</color>
                    <strokewidth>2.0</strokewidth>
                    <dasharray/>
                </seriesproperties>
                <seriesproperties>
                    <key>Value : Case_00 : TMD : GAGARINSAT_CONFIG1_CASE_ : Average Temperature : IR_TEL_LENS</key>
                    <label/>
                    <legenddetail>LABEL_AND_DETAILS</legenddetail>
                    <shapetype>1</shapetype>
                    <shapecolor>6</shapecolor>
                    <color>-2502389</color>
                    <strokewidth>2.0</strokewidth>
                    <dasharray/>
                </seriesproperties>
                <seriesproperties>
                    <key>Value : Case_00 : TMD : GAGARINSAT_CONFIG1_CASE_ : Average Temperature : IR_TEL_CCD</key>
                    <label/>
                    <legenddetail>LABEL_AND_DETAILS</legenddetail>
                    <shapetype>3</shapetype>
                    <shapecolor>6</shapecolor>
                    <color>-16006951</color>
                    <strokewidth>2.0</strokewidth>
                    <dasharray/>
                </seriesproperties>
                <seriesproperties>
                    <key>Value : Case_00 : TMD : GAGARINSAT_CONFIG1_CASE_ : Average Temperature : GAGARINSAT_CONFIG1_CASE_</key>
                    <label/>
                    <legenddetail>LABEL_AND_DETAILS</legenddetail>
                    <shapetype>0</shapetype>
                    <shapecolor>6</shapecolor>
                    <color>-65536</color>
                    <strokewidth>2.0</strokewidth>
                    <dasharray/>
                </seriesproperties>
            </seriespropertiescollection>
            <titletext>Attribute Chart 3</titletext>
            <viewport height="814" width="469"/>
            <zoomselection2d x="0" y="0">
                <domainzoom lower="0.0" upper="0.0"/>
                <rangezoom lower="0.0" upper="0.0"/>
            </zoomselection2d>
            <rangelabel>Data</rangelabel>
            <domainlabel>Time[s]</domainlabel>
            <titlecolor>-16777216</titlecolor>
            <rangecolor>-12566464</rangecolor>
            <domaincolor>-12566464</domaincolor>
            <backgroundpaint>-4144960</backgroundpaint>
            <plotoutlinepaint>-8355712</plotoutlinepaint>
            <drawlines>true</drawlines>
            <showlegend>true</showlegend>
            <drawmarkers>true</drawmarkers>
            <rangetickmarks>true</rangetickmarks>
            <domaintickmarks>true</domaintickmarks>
            <rangeticklabels>true</rangeticklabels>
            <domainticklabels>true</domainticklabels>
            <autoadjustrangerange>true</autoadjustrangerange>
            <autoadjustdomainrange>true</autoadjustdomainrange>
            <autoselectrangetickunit>true</autoselectrangetickunit>
            <autoselectdomaintickunit>true</autoselectdomaintickunit>
            <minrangerange>0.0</minrangerange>
            <maxrangerange>0.0</maxrangerange>
            <mindomainrange>0.0</mindomainrange>
            <maxdomainrange>0.0</maxdomainrange>
            <rangetickunitvalue>0.1</rangetickunitvalue>
            <domaintickunitvalue>0.1</domaintickunitvalue>
            <titlefont>
                <name>Tahoma</name>
                <size>20</size>
                <style>1</style>
            </titlefont>
            <rangefont>
                <name>Tahoma</name>
                <size>10</size>
                <style>0</style>
            </rangefont>
            <domainfont>
                <name>Tahoma</name>
                <size>10</size>
                <style>0</style>
            </domainfont>
            <rangeticklabelfont>
                <name>Tahoma</name>
                <size>10</size>
                <style>0</style>
            </rangeticklabelfont>
            <domainticklabelfont>
                <name>Tahoma</name>
                <size>10</size>
                <style>0</style>
            </domainticklabelfont>
            <plotorientation>PlotOrientation.VERTICAL</plotorientation>
            <plotoutlinestrokewidth>1.0</plotoutlinestrokewidth>
            <secondaryrangelabel>Data 2</secondaryrangelabel>
            <secondaryrangecolor>-12566464</secondaryrangecolor>
            <secondaryrangetickmarks>true</secondaryrangetickmarks>
            <secondaryrangeticklabels>true</secondaryrangeticklabels>
            <autoadjustsecondaryrangerange>true</autoadjustsecondaryrangerange>
            <autoselectsecondaryrangetickunit>true</autoselectsecondaryrangetickunit>
            <minsecondaryrangerange>0.0</minsecondaryrangerange>
            <maxsecondaryrangerange>0.0</maxsecondaryrangerange>
            <secondaryrangetickunitvalue>0.1</secondaryrangetickunitvalue>
            <secondaryrangefont>
                <name>Tahoma</name>
                <size>10</size>
                <style>0</style>
            </secondaryrangefont>
            <secondaryrangeticklabelfont>
                <name>Tahoma</name>
                <size>10</size>
                <style>0</style>
            </secondaryrangeticklabelfont>
            <secondaryattributes/>
        </dualaxisviewmodel>
    </attributechart>
</postprocessdatafile>
